post_id,source,meddra_pt
8zsaqc,ADR_EMNLP2019,Weight increased
8xymb9,ADR_EMNLP2019,Pain in jaw
8ynlnt,ADR_EMNLP2019,Pain
8z91dh,ADR_EMNLP2019,Acne
8ze63l,ADR_EMNLP2019,Acne
8ylwyu,ADR_EMNLP2019,Drug abuser
8z6zq6,ADR_EMNLP2019,Drug abuser
8zfq0p,ADR_EMNLP2019,Drug abuser
8yaupp,ADR_EMNLP2019,Drug dependence
8yiqkx,ADR_EMNLP2019,Drug dependence
8yvyf1,ADR_EMNLP2019,Drug dependence
8yz7sd,ADR_EMNLP2019,Drug dependence
8z1ml0,ADR_EMNLP2019,Drug dependence
8z1uvt,ADR_EMNLP2019,Drug dependence
8zdkp8,ADR_EMNLP2019,Drug dependence
8ziwvk,ADR_EMNLP2019,Drug dependence
8zp71x,ADR_EMNLP2019,Drug dependence
8xziex,ADR_EMNLP2019,Dependence
8y3fo4,ADR_EMNLP2019,Dependence
8y8hj0,ADR_EMNLP2019,Dependence
8ycn9o,ADR_EMNLP2019,Dependence
8ypcuy,ADR_EMNLP2019,Dependence
8yv8cw,ADR_EMNLP2019,Dependence
8yxyu4,ADR_EMNLP2019,Dependence
8z04nh,ADR_EMNLP2019,Dependence
8z06g2,ADR_EMNLP2019,Dependence
8z1dbe,ADR_EMNLP2019,Dependence
8z2ixo,ADR_EMNLP2019,Dependence
8zbh1i,ADR_EMNLP2019,Dependence
8zbwk1,ADR_EMNLP2019,Dependence
8zdjnb,ADR_EMNLP2019,Dependence
8zglhg,ADR_EMNLP2019,Dependence
8zgxf9,ADR_EMNLP2019,Dependence
8znbcs,ADR_EMNLP2019,Dependence
8zsmbg,ADR_EMNLP2019,Dependence
8zvc7a,ADR_EMNLP2019,Dependence
8zvntt,ADR_EMNLP2019,Dependence
8yil7y,ADR_EMNLP2019,Dependence
8yrhpz,ADR_EMNLP2019,Drug dependence
8yurtc,ADR_EMNLP2019,Drug dependence
8yv8cw,ADR_EMNLP2019,Drug dependence
8z7z5b,ADR_EMNLP2019,Drug dependence
8zch5v,ADR_EMNLP2019,Drug dependence
8zydgi,ADR_EMNLP2019,Drug dependence
8yfh7u,ADR_EMNLP2019,Agitation
8zlud2,ADR_EMNLP2019,Agitation
8xv3v6,ADR_EMNLP2019,Agitation
8ycrqj,ADR_EMNLP2019,Agitation
8yp4gp,ADR_EMNLP2019,Agitation
8zcf8d,ADR_EMNLP2019,Agitation
8zorxr,ADR_EMNLP2019,Agitation
8zt202,ADR_EMNLP2019,Agitation
8z1g6z,ADR_EMNLP2019,Agoraphobia
8ysbr6,ADR_EMNLP2019,Akathisia
8zd4dn,ADR_EMNLP2019,Akathisia
8xymb9,ADR_EMNLP2019,Hypersensitivity
8ygy77,ADR_EMNLP2019,Hypersensitivity
8zbap8,ADR_EMNLP2019,Hypersensitivity
8zgg5h,ADR_EMNLP2019,Hypersensitivity
8xziex,ADR_EMNLP2019,Amnesia
8xv3cm,ADR_EMNLP2019,Anger
8zhwso,ADR_EMNLP2019,Anger
8zppkm,ADR_EMNLP2019,Anger
8zmeh1,ADR_EMNLP2019,Anger
8zlud2,ADR_EMNLP2019,Anger
8y49dt,ADR_EMNLP2019,Anhedonia
8zcf8d,ADR_EMNLP2019,Anorgasmia
8ysqvk,ADR_EMNLP2019,Antisocial behaviour
8yvyf1,ADR_EMNLP2019,Anxiety
8xv3ql,ADR_EMNLP2019,Anxiety
8yaupp,ADR_EMNLP2019,Anxiety
8yb2w9,ADR_EMNLP2019,Anxiety
8ycrqj,ADR_EMNLP2019,Anxiety
8ykdff,ADR_EMNLP2019,Anxiety
8yoz12,ADR_EMNLP2019,Anxiety
8yqh1o,ADR_EMNLP2019,Anxiety
8yrfja,ADR_EMNLP2019,Anxiety
8yv62h,ADR_EMNLP2019,Anxiety
8z3hfq,ADR_EMNLP2019,Anxiety
8z44po,ADR_EMNLP2019,Anxiety
8z5gey,ADR_EMNLP2019,Anxiety
8z91dh,ADR_EMNLP2019,Anxiety
8z9v7i,ADR_EMNLP2019,Anxiety
8zfq0p,ADR_EMNLP2019,Anxiety
8zm1cc,ADR_EMNLP2019,Anxiety
8zr5u3,ADR_EMNLP2019,Anxiety
8zvq2g,ADR_EMNLP2019,Anxiety
8ztgwd,ADR_EMNLP2019,Anxiety
8ysbpe,ADR_EMNLP2019,Anxiety
8zcf8d,ADR_EMNLP2019,Anxiety
8yfh7u,ADR_EMNLP2019,Anxiety
8yt1e0,ADR_EMNLP2019,Anxiety
8z4ub8,ADR_EMNLP2019,Anxiety
8zlud2,ADR_EMNLP2019,Anxiety
8zt662,ADR_EMNLP2019,Anxiety
8zx6xq,ADR_EMNLP2019,Anxiety
8zmff2,ADR_EMNLP2019,Anxiety
8ysfrk,ADR_EMNLP2019,Apathy
8yhn8y,ADR_EMNLP2019,Apathy
8yqcau,ADR_EMNLP2019,Apathy
8ytcj3,ADR_EMNLP2019,Increased appetite
8yfvh8,ADR_EMNLP2019,Arthritis
8yxyu4,ADR_EMNLP2019,Asphyxia
8yd5xd,ADR_EMNLP2019,Anxiety
8yd5xd,ADR_EMNLP2019,Panic attack
8z5jha,ADR_EMNLP2019,Aura
8zaeut,ADR_EMNLP2019,Mental impairment
8yvj5n,ADR_EMNLP2019,Bedridden
8xu91a,ADR_EMNLP2019,Drug abuse
8z44po,ADR_EMNLP2019,Binge eating
8y60qp,ADR_EMNLP2019,Binge eating
8z2ixo,ADR_EMNLP2019,Drug abuse
8zxhll,ADR_EMNLP2019,Bipolar disorder
8ymfbj,ADR_EMNLP2019,Bladder disorder
8ze63l,ADR_EMNLP2019,Haemorrhage
8ysfrk,ADR_EMNLP2019,Abdominal distension
8z9w1v,ADR_EMNLP2019,Abdominal distension
8y30wh,ADR_EMNLP2019,Haematochezia
8ywwbg,ADR_EMNLP2019,Blood pressure increased
8zc78t,ADR_EMNLP2019,Rash macular
8ylyz9,ADR_EMNLP2019,Vision blurred
8yrubz,ADR_EMNLP2019,Furuncle
8y12vu,ADR_EMNLP2019,Cerebral atrophy
8z1yc4,ADR_EMNLP2019,Feeling abnormal
8z2hhz,ADR_EMNLP2019,Feeling abnormal
8zcifd,ADR_EMNLP2019,Feeling abnormal
8ymx5j,ADR_EMNLP2019,Cold-stimulus headache
8xzmho,ADR_EMNLP2019,Tremor
8xwgqt,ADR_EMNLP2019,Electric shock sensation
8yacr5,ADR_EMNLP2019,Electric shock sensation
8yyuup,ADR_EMNLP2019,Electric shock sensation
8y4kos,ADR_EMNLP2019,Electric shock sensation
8z1yc4,ADR_EMNLP2019,Trichorrhexis
8xzmho,ADR_EMNLP2019,Contusion
8ze63l,ADR_EMNLP2019,Skin disorder
8z9w1v,ADR_EMNLP2019,Burning sensation
8zpoye,ADR_EMNLP2019,Dysuria
8zeop5,ADR_EMNLP2019,Aphthous ulcer
8ysfrk,ADR_EMNLP2019,Disturbance in attention
8yfh7u,ADR_EMNLP2019,Insomnia
8y7dy7,ADR_EMNLP2019,Catatonia
8zq0hg,ADR_EMNLP2019,Feeling abnormal
8zvq2g,ADR_EMNLP2019,Chest pain
8y4fvv,ADR_EMNLP2019,Fatigue
8ynodi,ADR_EMNLP2019,Pain
8y1ek7,ADR_EMNLP2019,Feeling abnormal
8yw5m3,ADR_EMNLP2019,Urine abnormality
8zlud2,ADR_EMNLP2019,Cognitive disorder
8yrubz,ADR_EMNLP2019,Oral herpes
8y4uhx,ADR_EMNLP2019,Withdrawal syndrome
8ysl1r,ADR_EMNLP2019,Disturbance in attention
8y5xon,ADR_EMNLP2019,Confusional state
8xymb9,ADR_EMNLP2019,Respiratory tract congestion
8zgg5h,ADR_EMNLP2019,Headache
8xwnsu,ADR_EMNLP2019,Constipation
8z8ymc,ADR_EMNLP2019,Constipation
8ysfrk,ADR_EMNLP2019,Constipation
8yvu8n,ADR_EMNLP2019,Cough
8z06g2,ADR_EMNLP2019,Cough
8zbo5x,ADR_EMNLP2019,Withdrawal syndrome
8yj4rg,ADR_EMNLP2019,Withdrawal syndrome
8zg4x0,ADR_EMNLP2019,Nicotine dependence
8znmtt,ADR_EMNLP2019,Food craving
8ykfqh,ADR_EMNLP2019,Nicotine dependence
8ysbpe,ADR_EMNLP2019,Drug dependence
8zch5v,ADR_EMNLP2019,Nicotine dependence
8zq0ge,ADR_EMNLP2019,Nicotine dependence
8xzd2w,ADR_EMNLP2019,Drug dependence
8y4fvv,ADR_EMNLP2019,Food craving
8ycn9o,ADR_EMNLP2019,Drug dependence
8yjp7x,ADR_EMNLP2019,Nicotine dependence
8ysqvk,ADR_EMNLP2019,Nicotine dependence
8yxyu4,ADR_EMNLP2019,Drug dependence
8yz7sd,ADR_EMNLP2019,Nicotine dependence
8z0po1,ADR_EMNLP2019,Nicotine dependence
8zglhg,ADR_EMNLP2019,Nicotine dependence
8zhkxb,ADR_EMNLP2019,Food craving
8zhwso,ADR_EMNLP2019,Nicotine dependence
8zj1dc,ADR_EMNLP2019,Nicotine dependence
8zl6zd,ADR_EMNLP2019,Nicotine dependence
8zlp9y,ADR_EMNLP2019,Nicotine dependence
8znv4t,ADR_EMNLP2019,Nicotine dependence
8zt4mz,ADR_EMNLP2019,Abnormal dreams
8yaqim,ADR_EMNLP2019,Mental impairment
8yppoo,ADR_EMNLP2019,Depressed mood
8yacr5,ADR_EMNLP2019,Crying
8zbap8,ADR_EMNLP2019,Libido decreased
8yoz12,ADR_EMNLP2019,Dehydration
8z3hfq,ADR_EMNLP2019,Dehydration
8z7zsk,ADR_EMNLP2019,Dehydration
8zg35w,ADR_EMNLP2019,Dehydration
8yp4gp,ADR_EMNLP2019,Dehydration
8y4575,ADR_EMNLP2019,Dehydration
8y49dt,ADR_EMNLP2019,Delusion
8z4ub8,ADR_EMNLP2019,Delusion
8z6vsq,ADR_EMNLP2019,Delusion
8zf824,ADR_EMNLP2019,Delusion
8ytjvm,ADR_EMNLP2019,Dependence
8zcf8d,ADR_EMNLP2019,Dependence
8yxq1d,ADR_EMNLP2019,Dependence
8ydy7j,ADR_EMNLP2019,Dependence
8yjp7x,ADR_EMNLP2019,Dependence
8ygljv,ADR_EMNLP2019,Depression
8yiujr,ADR_EMNLP2019,Depression
8ysfrk,ADR_EMNLP2019,Depression
8yyewu,ADR_EMNLP2019,Depression
8z81n9,ADR_EMNLP2019,Depression
8zfq0p,ADR_EMNLP2019,Depression
8zlud2,ADR_EMNLP2019,Depression
8zsaqc,ADR_EMNLP2019,Depression
8zyb3t,ADR_EMNLP2019,Depression
8yb2w9,ADR_EMNLP2019,Depression
8ybc3o,ADR_EMNLP2019,Depression
8yjwpi,ADR_EMNLP2019,Depression
8yongr,ADR_EMNLP2019,Depression
8yrfja,ADR_EMNLP2019,Depression
8ysbpe,ADR_EMNLP2019,Depression
8yv62h,ADR_EMNLP2019,Depression
8yvj5n,ADR_EMNLP2019,Depression
8yvyf1,ADR_EMNLP2019,Depression
8z44po,ADR_EMNLP2019,Depression
8z5t2d,ADR_EMNLP2019,Depression
8z9v7i,ADR_EMNLP2019,Depression
8zvq2g,ADR_EMNLP2019,Depression
8zx9xe,ADR_EMNLP2019,Depression
8zyhni,ADR_EMNLP2019,Depression
8y3fo4,ADR_EMNLP2019,Depression
8yoz12,ADR_EMNLP2019,Derealisation
8yqh1o,ADR_EMNLP2019,Derealisation
8yv0sl,ADR_EMNLP2019,Derealisation
8zcifd,ADR_EMNLP2019,Derealisation
8y3fo4,ADR_EMNLP2019,Self-destructive behaviour
8yb7i8,ADR_EMNLP2019,Drug detoxification
8zckp0,ADR_EMNLP2019,Diabetes mellitus
8y60qe,ADR_EMNLP2019,Diarrhoea
8zdb0e,ADR_EMNLP2019,Diarrhoea
8zgg5h,ADR_EMNLP2019,Diarrhoea
8yvj5n,ADR_EMNLP2019,Discomfort
8y4kos,ADR_EMNLP2019,Disorientation
8xziex,ADR_EMNLP2019,Dissociation
8yzmra,ADR_EMNLP2019,Dissociation
8zmff2,ADR_EMNLP2019,Distractibility
8zw3sh,ADR_EMNLP2019,Emotional distress
8y4kos,ADR_EMNLP2019,Dizziness
8yp4gp,ADR_EMNLP2019,Dizziness
8z06g2,ADR_EMNLP2019,Dizziness
8z3hfq,ADR_EMNLP2019,Dizziness
8zfplx,ADR_EMNLP2019,Dizziness
8yw9dr,ADR_EMNLP2019,Dizziness
8yqv0a,ADR_EMNLP2019,Dizziness
8y3ndo,ADR_EMNLP2019,Depersonalisation/derealisation disorder
8zg729,ADR_EMNLP2019,Abnormal dreams
8xxeqe,ADR_EMNLP2019,Somnolence
8y4jdy,ADR_EMNLP2019,Somnolence
8yx7u6,ADR_EMNLP2019,Somnolence
8z6ket,ADR_EMNLP2019,Somnolence
8ygevb,ADR_EMNLP2019,Feeling drunk
8y3ins,ADR_EMNLP2019,Dry mouth
8y4jdy,ADR_EMNLP2019,Dry mouth
8ypjjp,ADR_EMNLP2019,Ear discomfort
8zhiwa,ADR_EMNLP2019,Corneal disorder
8z91dh,ADR_EMNLP2019,Eczema
8zgsq8,ADR_EMNLP2019,Emotional disorder
8y1f25,ADR_EMNLP2019,Affect lability
8yzqh9,ADR_EMNLP2019,Emotional disorder
8yd86s,ADR_EMNLP2019,Emotional disorder
8ysqvk,ADR_EMNLP2019,Emotional disorder
8y7snx,ADR_EMNLP2019,Euphoric mood
8z6yzo,ADR_EMNLP2019,Euphoric mood
8z8ewj,ADR_EMNLP2019,Euphoric mood
8yxzgg,ADR_EMNLP2019,Euphoric mood
8zesrv,ADR_EMNLP2019,Euphoric mood
8yiujr,ADR_EMNLP2019,Fatigue
8z0m8q,ADR_EMNLP2019,Fatigue
8zorxr,ADR_EMNLP2019,Fatigue
8yyuup,ADR_EMNLP2019,Fatigue
8zgsq8,ADR_EMNLP2019,Apathy
8yp4gp,ADR_EMNLP2019,Fatigue
8ypjjp,ADR_EMNLP2019,Eye irritation
8y60qe,ADR_EMNLP2019,Syncope
8ye4np,ADR_EMNLP2019,Somnolence
8ye4np,ADR_EMNLP2019,Fatigue
8z1yc4,ADR_EMNLP2019,Fatigue
8zd7az,ADR_EMNLP2019,Fatigue
8zwaqj,ADR_EMNLP2019,Fatigue
8yw9dr,ADR_EMNLP2019,Fatigue
8ysfrk,ADR_EMNLP2019,Feeling abnormal
8y3ndo,ADR_EMNLP2019,Feeling abnormal
8yzmra,ADR_EMNLP2019,Feeling abnormal
8ygevb,ADR_EMNLP2019,Euphoric mood
8zqbfy,ADR_EMNLP2019,Malaise
8zt202,ADR_EMNLP2019,Apathy
8zhsm2,ADR_EMNLP2019,Fatigue
8zl6zd,ADR_EMNLP2019,Paraesthesia
8ydjhq,ADR_EMNLP2019,Pyrexia
8yrubz,ADR_EMNLP2019,Pyrexia
8zgg5h,ADR_EMNLP2019,Pyrexia
8yb5vl,ADR_EMNLP2019,Condition aggravated
8zdy32,ADR_EMNLP2019,Condition aggravated
8y7d0e,ADR_EMNLP2019,Condition aggravated
8yb7i8,ADR_EMNLP2019,Poor quality sleep
8yz3r2,ADR_EMNLP2019,Asthenia
8ybddf,ADR_EMNLP2019,Feeling abnormal
8ycrqj,ADR_EMNLP2019,Feeling abnormal
8yfdwp,ADR_EMNLP2019,Weight increased
8znmtt,ADR_EMNLP2019,Weight increased
8ykbtm,ADR_EMNLP2019,Weight increased
8yvwkk,ADR_EMNLP2019,Weight increased
8zfhkr,ADR_EMNLP2019,Generalised anxiety disorder
8yfv4h,ADR_EMNLP2019,Drug abuse
8zov1l,ADR_EMNLP2019,Drug abuse
8y1ek7,ADR_EMNLP2019,Somnolence
8y2ghj,ADR_EMNLP2019,Somnolence
8y2owj,ADR_EMNLP2019,Somnolence
8yvcb6,ADR_EMNLP2019,Somnolence
8y3fo4,ADR_EMNLP2019,Hallucination
8zfhkr,ADR_EMNLP2019,Hallucination
8y5xon,ADR_EMNLP2019,Hallucination
8zaku8,ADR_EMNLP2019,Hallucination
8y45xd,ADR_EMNLP2019,Hallucination
8y54q5,ADR_EMNLP2019,Hallucination
8yyuup,ADR_EMNLP2019,Hallucination
8xwsrg,ADR_EMNLP2019,Feeling abnormal
8yrfja,ADR_EMNLP2019,Headache
8yxvk2,ADR_EMNLP2019,Headache
8zdtmy,ADR_EMNLP2019,Headache
8zw3sh,ADR_EMNLP2019,Headache
8z3hfq,ADR_EMNLP2019,Headache
8yj4he,ADR_EMNLP2019,Headache
8yoz12,ADR_EMNLP2019,Headache
8yp4gp,ADR_EMNLP2019,Headache
8ypjjp,ADR_EMNLP2019,Headache
8yrubz,ADR_EMNLP2019,Headache
8z06g2,ADR_EMNLP2019,Headache
8zsmbg,ADR_EMNLP2019,Headache
8zx9xe,ADR_EMNLP2019,Headache
8zg1sj,ADR_EMNLP2019,Palpitations
8y1ek7,ADR_EMNLP2019,Palpitations
8y7snx,ADR_EMNLP2019,Hyperthermia
8z3hfq,ADR_EMNLP2019,Heart rate increased
8xyv03,ADR_EMNLP2019,Heart rate increased
8zppkm,ADR_EMNLP2019,Homicidal ideation
8xzd2w,ADR_EMNLP2019,Feeling of despair
8yz3r2,ADR_EMNLP2019,Feeling of despair
8ysfrk,ADR_EMNLP2019,Hormone level abnormal
8ynlnt,ADR_EMNLP2019,Hot flush
8z5gey,ADR_EMNLP2019,Hyperhidrosis
8xymb9,ADR_EMNLP2019,Change in sustained attention
8zckp0,ADR_EMNLP2019,Hyperglycaemia
8z6vsq,ADR_EMNLP2019,Hypersexuality
8ytmpv,ADR_EMNLP2019,Psychomotor hyperactivity
8z5i2g,ADR_EMNLP2019,Hypomania
8ysfrk,ADR_EMNLP2019,Hypomania
8yj4rg,ADR_EMNLP2019,Hypomania
8zk7as,ADR_EMNLP2019,Hypomania
8zvq2g,ADR_EMNLP2019,Hypomania
8zt202,ADR_EMNLP2019,Hypomania
8xuvga,ADR_EMNLP2019,Gait inability
8y1h1b,ADR_EMNLP2019,Thinking abnormal
8yqh1o,ADR_EMNLP2019,Mental impairment
8y0bw8,ADR_EMNLP2019,Erectile dysfunction
8yt0xy,ADR_EMNLP2019,Impulse-control disorder
8xw65z,ADR_EMNLP2019,Impulsive behaviour
8ysbpe,ADR_EMNLP2019,Impulsive behaviour
8zmff2,ADR_EMNLP2019,Disturbance in attention
8y4575,ADR_EMNLP2019,Blood pressure increased
8y4575,ADR_EMNLP2019,Heart rate increased
8yw5m3,ADR_EMNLP2019,Micturition urgency
8yj0bl,ADR_EMNLP2019,Polyuria
8zorxr,ADR_EMNLP2019,Heart rate increased
8xymb9,ADR_EMNLP2019,Insomnia
8xzmho,ADR_EMNLP2019,Insomnia
8y15qn,ADR_EMNLP2019,Insomnia
8yqv0a,ADR_EMNLP2019,Insomnia
8z0m8q,ADR_EMNLP2019,Insomnia
8zcf8d,ADR_EMNLP2019,Insomnia
8zfq0p,ADR_EMNLP2019,Insomnia
8zr333,ADR_EMNLP2019,Insomnia
8zvq2g,ADR_EMNLP2019,Insomnia
8y60qe,ADR_EMNLP2019,Abdominal pain
8zt662,ADR_EMNLP2019,Pain
8zc8mw,ADR_EMNLP2019,Drug interaction
8zsmbg,ADR_EMNLP2019,Drug interaction
8ye3p0,ADR_EMNLP2019,Drug interaction
8zov1l,ADR_EMNLP2019,Drug interaction
8zvowz,ADR_EMNLP2019,Sleep disorder
8yacr5,ADR_EMNLP2019,Intrusive thoughts
8zd4dn,ADR_EMNLP2019,Tremor
8z4ub8,ADR_EMNLP2019,Thinking abnormal
8xymb9,ADR_EMNLP2019,Irritability
8xzmho,ADR_EMNLP2019,Irritability
8zdg7l,ADR_EMNLP2019,Irritability
8yb7i8,ADR_EMNLP2019,Irritability
8ysfrk,ADR_EMNLP2019,Irritability
8yvcb6,ADR_EMNLP2019,Irritability
8zlud2,ADR_EMNLP2019,Irritability
8zmeh1,ADR_EMNLP2019,Irritability
8zx6xq,ADR_EMNLP2019,Irritability
8ysfrk,ADR_EMNLP2019,Impulsive behaviour
8xw65z,ADR_EMNLP2019,Irritability
8yv6dn,ADR_EMNLP2019,Irritability
8zcf8d,ADR_EMNLP2019,Gastrointestinal tract irritation
8yfkko,ADR_EMNLP2019,Pruritus
8ypjjp,ADR_EMNLP2019,Pain in jaw
8y3ins,ADR_EMNLP2019,Muscle tightness
8y5yj9,ADR_EMNLP2019,Arthralgia
8y3ins,ADR_EMNLP2019,Insomnia
8y2ghj,ADR_EMNLP2019,Agitation
8y2owj,ADR_EMNLP2019,Agitation
8z04nh,ADR_EMNLP2019,Renal abscess
8z04nh,ADR_EMNLP2019,Nephrolithiasis
8zxmjm,ADR_EMNLP2019,Loss of libido
8y3ubd,ADR_EMNLP2019,Hepatic function abnormal
8y49dt,ADR_EMNLP2019,Apathy
8yd86s,ADR_EMNLP2019,Apathy
8zvq2g,ADR_EMNLP2019,Lethargy
8ytcj3,ADR_EMNLP2019,Lethargy
8zo3wy,ADR_EMNLP2019,Dizziness
8y30wh,ADR_EMNLP2019,Dizziness
8yqh1o,ADR_EMNLP2019,Dizziness
8ztgwd,ADR_EMNLP2019,Long QT syndrome
8yd86s,ADR_EMNLP2019,Loss of libido
8xyv03,ADR_EMNLP2019,Hypotension
8z1yc4,ADR_EMNLP2019,Libido decreased
8y3fo4,ADR_EMNLP2019,Mania
8zq0hg,ADR_EMNLP2019,Mania
8zrete,ADR_EMNLP2019,Mania
8z5i2g,ADR_EMNLP2019,Mania
8y2ghj,ADR_EMNLP2019,Mania
8y2owj,ADR_EMNLP2019,Mania
8z6vsq,ADR_EMNLP2019,Mania
8zr1ur,ADR_EMNLP2019,Mania
8z3qcw,ADR_EMNLP2019,Mania
8zfhkr,ADR_EMNLP2019,Mania
8zckp0,ADR_EMNLP2019,Mania
8z829i,ADR_EMNLP2019,Mania
8zvfvd,ADR_EMNLP2019,Memory impairment
8ygljv,ADR_EMNLP2019,Mental disorder
8xu91a,ADR_EMNLP2019,Mental disorder
8ywwbg,ADR_EMNLP2019,Migraine
8yp4gp,ADR_EMNLP2019,Migraine
8zczkn,ADR_EMNLP2019,Headache
8znmtt,ADR_EMNLP2019,Feeling abnormal
8ybc3o,ADR_EMNLP2019,Mood swings
8yj4rg,ADR_EMNLP2019,Mood swings
8yyuup,ADR_EMNLP2019,Mood swings
8zsaqc,ADR_EMNLP2019,Mood swings
8yfh7u,ADR_EMNLP2019,Affective disorder
8zeop5,ADR_EMNLP2019,Mouth ulceration
8z7vxm,ADR_EMNLP2019,Arthropathy
8yoz12,ADR_EMNLP2019,Myalgia
8xv3cm,ADR_EMNLP2019,Nausea
8xzmho,ADR_EMNLP2019,Nausea
8y60qe,ADR_EMNLP2019,Nausea
8ycrqj,ADR_EMNLP2019,Nausea
8yxak6,ADR_EMNLP2019,Nausea
8yyhbc,ADR_EMNLP2019,Nausea
8z3hfq,ADR_EMNLP2019,Nausea
8z8ewj,ADR_EMNLP2019,Nausea
8zdb0e,ADR_EMNLP2019,Nausea
8zfplx,ADR_EMNLP2019,Nausea
8zp9fv,ADR_EMNLP2019,Nausea
8zsmbg,ADR_EMNLP2019,Nausea
8ztgwd,ADR_EMNLP2019,Nausea
8zx9xe,ADR_EMNLP2019,Nausea
8zgg5h,ADR_EMNLP2019,Nausea
8zgg5h,ADR_EMNLP2019,Dizziness
8zuhjy,ADR_EMNLP2019,Nausea
8yd86s,ADR_EMNLP2019,Nausea
8ynlnt,ADR_EMNLP2019,Nausea
8yvi17,ADR_EMNLP2019,Nausea
8yfkko,ADR_EMNLP2019,Nausea
8ytcj3,ADR_EMNLP2019,Neurotoxicity
8zd7az,ADR_EMNLP2019,Night sweats
8z829i,ADR_EMNLP2019,Nightmare
8zvowz,ADR_EMNLP2019,Nightmare
8yiqkx,ADR_EMNLP2019,Nightmare
8zr1ur,ADR_EMNLP2019,Apathy
8zls6c,ADR_EMNLP2019,Panic attack
8yoz12,ADR_EMNLP2019,Hypoaesthesia
8yqh1o,ADR_EMNLP2019,Hypoaesthesia
8yrfja,ADR_EMNLP2019,Hypoaesthesia
8zo3wy,ADR_EMNLP2019,Hypoaesthesia
8zt202,ADR_EMNLP2019,Emotional disorder
8z4gs1,ADR_EMNLP2019,Stupor
8zhc1m,ADR_EMNLP2019,Hypoaesthesia
8zfhkr,ADR_EMNLP2019,Obsessive thoughts
8zsmbg,ADR_EMNLP2019,Drug abuse
8ymfbj,ADR_EMNLP2019,Hypertonic bladder
8y7d0e,ADR_EMNLP2019,Pain
8yna3m,ADR_EMNLP2019,Pain
8yvj5n,ADR_EMNLP2019,Pain
8z1ml0,ADR_EMNLP2019,Pain
8zt662,ADR_EMNLP2019,Headache
8zl6zd,ADR_EMNLP2019,Palpitations
8y4575,ADR_EMNLP2019,Palpitations
8yppoo,ADR_EMNLP2019,Panic attack
8y4jdy,ADR_EMNLP2019,Panic attack
8ycrqj,ADR_EMNLP2019,Panic attack
8yvz9m,ADR_EMNLP2019,Panic attack
8yyewu,ADR_EMNLP2019,Panic attack
8zr5u3,ADR_EMNLP2019,Panic attack
8zt662,ADR_EMNLP2019,Panic attack
8z6yzo,ADR_EMNLP2019,Panic attack
8z9v7i,ADR_EMNLP2019,Panic attack
8zww2q,ADR_EMNLP2019,Panic reaction
8yvcb6,ADR_EMNLP2019,Panic reaction
8y80b6,ADR_EMNLP2019,Paranoia
8yqh1o,ADR_EMNLP2019,Paranoia
8yxkks,ADR_EMNLP2019,Paranoia
8z4ub8,ADR_EMNLP2019,Paranoia
8z6vsq,ADR_EMNLP2019,Paranoia
8zcf8d,ADR_EMNLP2019,Paranoia
8zrete,ADR_EMNLP2019,Paranoia
8zvowz,ADR_EMNLP2019,Paranoia
8ynyue,ADR_EMNLP2019,Persecutory delusion
8ysoyz,ADR_EMNLP2019,Premature ageing
8yfvh8,ADR_EMNLP2019,Psoriasis
8y3fo4,ADR_EMNLP2019,Psychotic disorder
8ytcj3,ADR_EMNLP2019,Psychotic disorder
8z3qcw,ADR_EMNLP2019,Psychotic disorder
8z6vsq,ADR_EMNLP2019,Psychotic disorder
8z4j48,ADR_EMNLP2019,Psychotic disorder
8zesrv,ADR_EMNLP2019,Anger
8zauyg,ADR_EMNLP2019,Rash
8yrubz,ADR_EMNLP2019,Rash macular
8y3ins,ADR_EMNLP2019,Decreased appetite
8zorxr,ADR_EMNLP2019,Blood pressure decreased
8z0w1l,ADR_EMNLP2019,Dependence
8zomol,ADR_EMNLP2019,Drug dependence
8zbs0w,ADR_EMNLP2019,Respiratory depression
8yb7i8,ADR_EMNLP2019,Restlessness
8ygljv,ADR_EMNLP2019,Restlessness
8zd4dn,ADR_EMNLP2019,Restless legs syndrome
8yxvk2,ADR_EMNLP2019,Restless legs syndrome
8zczkn,ADR_EMNLP2019,Restless legs syndrome
8yfh7u,ADR_EMNLP2019,Depressed mood
8xv3cm,ADR_EMNLP2019,Depressed mood
8z3ezl,ADR_EMNLP2019,Seizure
8zwvr1,ADR_EMNLP2019,Seizure
8zwz44,ADR_EMNLP2019,Seizure
8zbd95,ADR_EMNLP2019,Seizure
8zpdid,ADR_EMNLP2019,Seizure
8zpziu,ADR_EMNLP2019,Seizure
8ysfrk,ADR_EMNLP2019,Self-injurious ideation
8yppoo,ADR_EMNLP2019,Photosensitivity reaction
8zaeut,ADR_EMNLP2019,Hallucination
8zvq2g,ADR_EMNLP2019,Dizziness
8zp5pz,ADR_EMNLP2019,Sexual dysfunction
8xyxz9,ADR_EMNLP2019,Psychosexual disorder
8ypfy8,ADR_EMNLP2019,Tremor
8z6zur,ADR_EMNLP2019,Tremor
8yaupp,ADR_EMNLP2019,Tremor
8yvj5n,ADR_EMNLP2019,Feeling abnormal
8y1ek7,ADR_EMNLP2019,Malaise
8yoz12,ADR_EMNLP2019,Sinusitis
8z6vsq,ADR_EMNLP2019,Dermatillomania
8zhiwa,ADR_EMNLP2019,Sleep apnoea syndrome
8ydy7j,ADR_EMNLP2019,Sleep disorder
8y45xd,ADR_EMNLP2019,Somnolence
8zq0hg,ADR_EMNLP2019,Insomnia
8xwmru,ADR_EMNLP2019,Somnolence
8yt1e0,ADR_EMNLP2019,Somnolence
8zw3sh,ADR_EMNLP2019,Sneezing
8zw3sh,ADR_EMNLP2019,Pain
8yfsc5,ADR_EMNLP2019,Nipple pain
8y5yj9,ADR_EMNLP2019,Oropharyngeal pain
8yrubz,ADR_EMNLP2019,Oropharyngeal pain
8yo9qh,ADR_EMNLP2019,Rash
8y5yj9,ADR_EMNLP2019,Rash macular
8y60qe,ADR_EMNLP2019,Vaginal haemorrhage
8zcf8d,ADR_EMNLP2019,Musculoskeletal stiffness
8zac1m,ADR_EMNLP2019,Abdominal pain upper
8zczkn,ADR_EMNLP2019,Abdominal discomfort
8z8ewj,ADR_EMNLP2019,Abdominal pain upper
8yppoo,ADR_EMNLP2019,Abdominal discomfort
8y60qe,ADR_EMNLP2019,Abdominal pain upper
8y15qn,ADR_EMNLP2019,Abdominal pain upper
8ynlnt,ADR_EMNLP2019,Gastric disorder
8yv6vs,ADR_EMNLP2019,Feeling abnormal
8xv3v6,ADR_EMNLP2019,Stress
8y7dy7,ADR_EMNLP2019,Suicidal ideation
8yiqkx,ADR_EMNLP2019,Suicidal ideation
8z81n9,ADR_EMNLP2019,Suicidal ideation
8zx6zr,ADR_EMNLP2019,Suicidal ideation
8xxvkz,ADR_EMNLP2019,Suicidal ideation
8y2kmz,ADR_EMNLP2019,Suicidal ideation
8yz3r2,ADR_EMNLP2019,Suicidal ideation
8z7ch8,ADR_EMNLP2019,Suicidal ideation
8yyqyb,ADR_EMNLP2019,Suicidal ideation
8zhiwa,ADR_EMNLP2019,Suicidal ideation
8z4ub8,ADR_EMNLP2019,Suicide attempt
8zx6zr,ADR_EMNLP2019,Fatigue
8zx6zr,ADR_EMNLP2019,Feeling abnormal
8znkw5,ADR_EMNLP2019,Decreased appetite
8xzmho,ADR_EMNLP2019,Hyperhidrosis
8ynlnt,ADR_EMNLP2019,Hyperhidrosis
8ypfy8,ADR_EMNLP2019,Hyperhidrosis
8yrubz,ADR_EMNLP2019,Hyperhidrosis
8z06g2,ADR_EMNLP2019,Hyperhidrosis
8z6zur,ADR_EMNLP2019,Hyperhidrosis
8zcf8d,ADR_EMNLP2019,Hyperhidrosis
8yna3m,ADR_EMNLP2019,Swelling
8yfvh8,ADR_EMNLP2019,Lip swelling
8yfvh8,ADR_EMNLP2019,Swelling
8xymb9,ADR_EMNLP2019,Swollen tongue
8z7zsk,ADR_EMNLP2019,Tachycardia
8y4575,ADR_EMNLP2019,Tachyphylaxis
8y1f25,ADR_EMNLP2019,Aggression
8y4jdy,ADR_EMNLP2019,Tension headache
8y60qe,ADR_EMNLP2019,Vomiting
8y1h1b,ADR_EMNLP2019,Tic
8xymb9,ADR_EMNLP2019,Throat tightness
8yrfja,ADR_EMNLP2019,Chest discomfort
8y45xd,ADR_EMNLP2019,Feeling abnormal
8yp4gp,ADR_EMNLP2019,Paraesthesia
8ym91b,ADR_EMNLP2019,Paraesthesia
8yoz12,ADR_EMNLP2019,Tinnitus
8yqh1o,ADR_EMNLP2019,Tinnitus
8y4jdy,ADR_EMNLP2019,Fatigue
8znigq,ADR_EMNLP2019,Fatigue
8xv3cm,ADR_EMNLP2019,Fatigue
8xwd1j,ADR_EMNLP2019,Drug tolerance
8xyxz9,ADR_EMNLP2019,Drug tolerance
8ycrqj,ADR_EMNLP2019,Drug tolerance
8ye3p0,ADR_EMNLP2019,Drug tolerance
8ygevb,ADR_EMNLP2019,Drug tolerance
8yh3ru,ADR_EMNLP2019,Drug tolerance
8ynodi,ADR_EMNLP2019,Drug tolerance
8yt1e0,ADR_EMNLP2019,Drug tolerance
8ytmpv,ADR_EMNLP2019,Drug tolerance
8z3hfq,ADR_EMNLP2019,Drug tolerance
8z67q0,ADR_EMNLP2019,Drug tolerance
8z6yzo,ADR_EMNLP2019,Drug tolerance
8zdkp8,ADR_EMNLP2019,Drug tolerance
8zf824,ADR_EMNLP2019,Drug tolerance
8zxvsm,ADR_EMNLP2019,Drug tolerance
8yongr,ADR_EMNLP2019,Toxicity to various agents
8z7vxm,ADR_EMNLP2019,Toxicity to various agents
8yt1e0,ADR_EMNLP2019,Tremor
8zx9xe,ADR_EMNLP2019,Tremor
8zczkn,ADR_EMNLP2019,Sleep disorder
8yzmra,ADR_EMNLP2019,Suicidal ideation
8yil7y,ADR_EMNLP2019,Pain
8ygljv,ADR_EMNLP2019,Discomfort
8yiujr,ADR_EMNLP2019,Malaise
8xwgqt,ADR_EMNLP2019,Vertigo
8z3hfq,ADR_EMNLP2019,Vertigo
8xyv03,ADR_EMNLP2019,Feeling cold
8zd4dn,ADR_EMNLP2019,Visual impairment
8zg3hu,ADR_EMNLP2019,"Hallucination, visual"
8ycmah,ADR_EMNLP2019,Vomiting
8zfplx,ADR_EMNLP2019,Vomiting
8ztgwd,ADR_EMNLP2019,Vomiting
8yt1e0,ADR_EMNLP2019,Poor quality sleep
8xzmho,ADR_EMNLP2019,Fluid retention
8xzmho,ADR_EMNLP2019,Weight increased
8y0pfb,ADR_EMNLP2019,Weight increased
8y1h1b,ADR_EMNLP2019,Weight increased
8y4fvv,ADR_EMNLP2019,Weight increased
8z1yc4,ADR_EMNLP2019,Weight increased
8zd7az,ADR_EMNLP2019,Weight increased
8zgsq8,ADR_EMNLP2019,Weight increased
8znv4t,ADR_EMNLP2019,Weight increased
8zp7ti,ADR_EMNLP2019,Weight increased
8ysbr6,ADR_EMNLP2019,Weight increased
8zg744,ADR_EMNLP2019,Weight decreased
8zg1sj,ADR_EMNLP2019,Wheezing
8xv3v6,ADR_EMNLP2019,White blood cell count decreased
8xznwd,ADR_EMNLP2019,Withdrawal syndrome
8ye3p0,ADR_EMNLP2019,Withdrawal syndrome
8y1png,ADR_EMNLP2019,Withdrawal syndrome
8y7dy7,ADR_EMNLP2019,Withdrawal syndrome
8yaupp,ADR_EMNLP2019,Withdrawal syndrome
8ycn9o,ADR_EMNLP2019,Withdrawal syndrome
8ycrqj,ADR_EMNLP2019,Withdrawal syndrome
8yhett,ADR_EMNLP2019,Withdrawal syndrome
8yil7y,ADR_EMNLP2019,Withdrawal syndrome
8yp6qj,ADR_EMNLP2019,Withdrawal syndrome
8yqv0a,ADR_EMNLP2019,Withdrawal syndrome
8ysbpe,ADR_EMNLP2019,Withdrawal syndrome
8yt43q,ADR_EMNLP2019,Withdrawal syndrome
8yv62h,ADR_EMNLP2019,Withdrawal syndrome
8yv6dn,ADR_EMNLP2019,Withdrawal syndrome
8yw2w0,ADR_EMNLP2019,Withdrawal syndrome
8yyqyb,ADR_EMNLP2019,Withdrawal syndrome
8yz7sd,ADR_EMNLP2019,Withdrawal syndrome
8z14u3,ADR_EMNLP2019,Withdrawal syndrome
8z2hhz,ADR_EMNLP2019,Withdrawal syndrome
8z6zur,ADR_EMNLP2019,Withdrawal syndrome
8z8lyu,ADR_EMNLP2019,Withdrawal syndrome
8zbap8,ADR_EMNLP2019,Withdrawal syndrome
8zbt14,ADR_EMNLP2019,Withdrawal syndrome
8zcifd,ADR_EMNLP2019,Withdrawal syndrome
8zdb0e,ADR_EMNLP2019,Withdrawal syndrome
8zg3hu,ADR_EMNLP2019,Withdrawal syndrome
8zhwso,ADR_EMNLP2019,Withdrawal syndrome
8zjyf2,ADR_EMNLP2019,Withdrawal syndrome
8zl6zd,ADR_EMNLP2019,Withdrawal syndrome
8zl8qz,ADR_EMNLP2019,Withdrawal syndrome
8znbcs,ADR_EMNLP2019,Withdrawal syndrome
8zsmbg,ADR_EMNLP2019,Withdrawal syndrome
8ztlw3,ADR_EMNLP2019,Withdrawal syndrome
8zvc7a,ADR_EMNLP2019,Withdrawal syndrome
8zd4dn,ADR_EMNLP2019,Withdrawal syndrome
8zgg5h,ADR_EMNLP2019,Withdrawal syndrome
8zr5u3,ADR_EMNLP2019,Withdrawal syndrome
8zcf8d,ADR_EMNLP2019,Withdrawal syndrome
8xwgqt,ADR_EMNLP2019,Withdrawal syndrome
8y1ek7,ADR_EMNLP2019,Withdrawal syndrome
8ykdff,ADR_EMNLP2019,Withdrawal syndrome
8yoz12,ADR_EMNLP2019,Withdrawal syndrome
8yqh1o,ADR_EMNLP2019,Withdrawal syndrome
8yrfja,ADR_EMNLP2019,Withdrawal syndrome
8yvj5n,ADR_EMNLP2019,Withdrawal syndrome
8yw0bv,ADR_EMNLP2019,Withdrawal syndrome
8yxyu4,ADR_EMNLP2019,Withdrawal syndrome
8z1opv,ADR_EMNLP2019,Withdrawal syndrome
8z2se9,ADR_EMNLP2019,Withdrawal syndrome
8z3hfq,ADR_EMNLP2019,Withdrawal syndrome
8z6yzo,ADR_EMNLP2019,Withdrawal syndrome
8zfq0p,ADR_EMNLP2019,Withdrawal syndrome
8zgxf9,ADR_EMNLP2019,Withdrawal syndrome
8znv4t,ADR_EMNLP2019,Withdrawal syndrome
8zomol,ADR_EMNLP2019,Withdrawal syndrome
8y15qn,ADR_EMNLP2019,Withdrawal syndrome
8zwaqj,ADR_EMNLP2019,Withdrawal syndrome
8zg35w,ADR_EMNLP2019,Withdrawal syndrome
8yd5xd,ADR_EMNLP2019,Withdrawal syndrome
8yqk75,ADR_EMNLP2019,Withdrawal syndrome
100btwc,Additional collection,Feeling abnormal
100btwc,Additional collection,Lethargy
100btwc,Additional collection,Hyperphagia
100q38g,Additional collection,Weight loss poor
101ijaz,Additional collection,Depression
101ijaz,Additional collection,Drug ineffective
10369se,Additional collection,Anxiety
10369se,Additional collection,Blood glucose increased
10369se,Additional collection,Heart rate increased
10369se,Additional collection,Myalgia
104osaf,Additional collection,Anosmia
107bqgm,Additional collection,Cold sweat
107bqgm,Additional collection,Dizziness
107bqgm,Additional collection,Feeling abnormal
107bqgm,Additional collection,Insomnia
107bqgm,Additional collection,Tachycardia
108pwx2,Additional collection,Nervous system disorder
108pwx2,Additional collection,Sleep disorder
108pwx2,Additional collection,Withdrawal syndrome
10af01b,Additional collection,Asocial behaviour
10af8d5,Additional collection,Feeling abnormal
10af8d5,Additional collection,Disturbance in attention
10af8d5,Additional collection,Memory impairment
10bjbz1,Additional collection,Anxiety
10bjbz1,Additional collection,Diarrhoea
10bjbz1,Additional collection,Dizziness
10bjbz1,Additional collection,Asthenia
10bjbz1,Additional collection,Heart rate irregular
10bjbz1,Additional collection,Abdominal pain upper
10bwzhx,Additional collection,Anger
10bwzhx,Additional collection,Aggression
10c02lt,Additional collection,Anger
10c02lt,Additional collection,Drug ineffective
10c02lt,Additional collection,Hypomania
10c02lt,Additional collection,Mania
10cbrr4,Additional collection,Bowel movement irregularity
10cbrr4,Additional collection,Feeling abnormal
10cbrr4,Additional collection,Mental impairment
10cbrr4,Additional collection,Depressed mood
10cbrr4,Additional collection,Apathy
10cbrr4,Additional collection,Disturbance in attention
10ctg8j,Additional collection,Autoimmune disorder
10ctg8j,Additional collection,Nausea
10ctg8j,Additional collection,Weight decreased
10d3tw3,Additional collection,Feeling abnormal
10d3tw3,Additional collection,Dizziness
10d3tw3,Additional collection,Somnolence
10d3tw3,Additional collection,Ear discomfort
10d3tw3,Additional collection,Sinus headache
10d3tw3,Additional collection,Drug withdrawal headache
10ehty6,Additional collection,Anger
10ehty6,Additional collection,Bipolar disorder
10ehty6,Additional collection,Depression
10ehty6,Additional collection,Mania
10ehty6,Additional collection,Compulsive sexual behaviour
10ehty6,Additional collection,Suicidal ideation
10ehty6,Additional collection,Withdrawal syndrome
10f4n7k,Additional collection,Apathy
10f4n7k,Additional collection,Terminal insomnia
10f4n7k,Additional collection,Loss of libido
10gvps6,Additional collection,Insomnia
10hwo4m,Additional collection,Menstruation delayed
10i8fux,Additional collection,Anxiety
10i8fux,Additional collection,Feeling abnormal
10i8fux,Additional collection,Fatigue
10i8fux,Additional collection,Insomnia
10i8fux,Additional collection,Arthralgia
10i8fux,Additional collection,Panic attack
10i8fux,Additional collection,Palpitations
10i8fux,Additional collection,Muscle rigidity
10i8fux,Additional collection,Discomfort
10i8fux,Additional collection,Tendon pain
10i8fux,Additional collection,Self-injurious ideation
10i8fux,Additional collection,Paraesthesia
10i8fux,Additional collection,Hypoaesthesia
10i8fux,Additional collection,Gait disturbance
10i8fux,Additional collection,Asthenia
10ixl61,Additional collection,Anxiety
10ixl61,Additional collection,Irritability
10jr3vi,Additional collection,Depression
10kfbiz,Additional collection,Hypomania
10kfbiz,Additional collection,Insomnia
10kx9bx,Additional collection,Drug abuse
10kx9bx,Additional collection,Drug dependence
10kx9bx,Additional collection,Withdrawal syndrome
10l41yu,Additional collection,Feeling abnormal
10ljsu5,Additional collection,Antisocial behaviour
10ljsu5,Additional collection,Anxiety
10ljsu5,Additional collection,Chills
10ljsu5,Additional collection,Depression
10ljsu5,Additional collection,Fatigue
10ljsu5,Additional collection,Headache
10ljsu5,Additional collection,Drug ineffective
10ljsu5,Additional collection,Feeling abnormal
10ljsu5,Additional collection,Stress
10mptmh,Additional collection,Deep vein thrombosis
10mptmh,Additional collection,Drug ineffective
10oekh1,Additional collection,Speech disorder
10p4ia3,Additional collection,Drug ineffective
10p4ia3,Additional collection,Tremor
10p4ia3,Additional collection,Malaise
10p4ia3,Additional collection,Somnolence
10p4ia3,Additional collection,Vomiting
10pm55c,Additional collection,Depression
10pm55c,Additional collection,Sedation
10pz7dh,Additional collection,Dyspepsia
10rgmsm,Additional collection,Fatigue
10rgmsm,Additional collection,Headache
10rm7uw,Additional collection,Anaemia
10rm7uw,Additional collection,Diarrhoea
10s1bn0,Additional collection,Crying
10s1bn0,Additional collection,Depression
10s1bn0,Additional collection,Dizziness
10s1bn0,Additional collection,Fatigue
10s1bn0,Additional collection,Depressed mood
10s1bn0,Additional collection,Gastric disorder
10s1bn0,Additional collection,Suicidal ideation
10s3i6g,Additional collection,Dizziness
10s3i6g,Additional collection,Insomnia
10sq72p,Additional collection,Anxiety
10sq72p,Additional collection,Bruxism
10sq72p,Additional collection,Disturbance in attention
10sq72p,Additional collection,Dry mouth
10sq72p,Additional collection,Drug ineffective
10sq72p,Additional collection,Decreased appetite
10sq72p,Additional collection,Tachyphrenia
10ssid6,Additional collection,Akathisia
10ssid6,Additional collection,Nervousness
10ssid6,Additional collection,Withdrawal syndrome
10szseq,Additional collection,Feeling abnormal
10szseq,Additional collection,Muscle disorder
10szseq,Additional collection,Weight loss poor
10szseq,Additional collection,Erectile dysfunction
10szseq,Additional collection,Head discomfort
10szseq,Additional collection,Semen volume decreased
10szseq,Additional collection,Metabolic disorder
10szseq,Additional collection,Orgasm abnormal
10szseq,Additional collection,Sexual dysfunction
10szseq,Additional collection,Tension headache
10uhpey,Additional collection,Fatigue
10v1act,Additional collection,Drug abuse
10v1act,Additional collection,Drug dependence
10vm9on,Additional collection,Fatigue
10vm9on,Additional collection,Hypomania
10vmquh,Additional collection,Impaired work ability
10vmquh,Additional collection,Feeling abnormal
10we3a0,Additional collection,Headache
10we3a0,Additional collection,Loss of libido
10we3a0,Additional collection,Nausea
10we3a0,Additional collection,Hyperhidrosis
10we3a0,Additional collection,Vomiting
10xfdxd,Additional collection,Feeding disorder
10xfdxd,Additional collection,Drug abuse
10xfdxd,Additional collection,Hunger
10xfdxd,Additional collection,Hypomania
10xpr4d,Additional collection,Product dose omission issue
10yixg6,Additional collection,Disturbance in attention
10yixg6,Additional collection,Drug abuse
10yixg6,Additional collection,Feeling drunk
10yixg6,Additional collection,Heart rate increased
10yixg6,Additional collection,Movement disorder
10z9icp,Additional collection,Hunger
10z9icp,Additional collection,Injection site pain
10zvzpq,Additional collection,Insomnia
10zvzpq,Additional collection,Drug ineffective
1104vuq,Additional collection,Cerebral disorder
110j6uf,Additional collection,Anger
110j6uf,Additional collection,Confusional state
110j6uf,Additional collection,Diarrhoea
110j6uf,Additional collection,Feeling abnormal
110j6uf,Additional collection,Hypomania
110j6uf,Additional collection,Motion sickness
110j6uf,Additional collection,Nausea
110j6uf,Additional collection,Poor quality sleep
110j6uf,Additional collection,Restless legs syndrome
110j6uf,Additional collection,Somnolence
110j6uf,Additional collection,Vertigo
110j6uf,Additional collection,Vomiting
110j6uf,Additional collection,Withdrawal syndrome
110uzxx,Additional collection,Somnolence
110uzxx,Additional collection,Inappropriate schedule of product administration
112n3lj,Additional collection,Crying
112n3lj,Additional collection,Hyperphagia
112n3lj,Additional collection,Fatigue
112n3lj,Additional collection,Feeling abnormal
112n3lj,Additional collection,Weight increased
112qukt,Additional collection,Eye swelling
112qukt,Additional collection,Product substitution issue
112qukt,Additional collection,Rash
1131d3p,Additional collection,Feeling abnormal
1131d3p,Additional collection,Dry mouth
1131d3p,Additional collection,Fatigue
1131d3p,Additional collection,Heart rate increased
1131d3p,Additional collection,Hypoacusis
1131d3p,Additional collection,Tachycardia
113u3bj,Additional collection,Fatigue
113u3bj,Additional collection,Somnolence
113vbzm,Additional collection,Diarrhoea
113vbzm,Additional collection,Nausea
114k4ow,Additional collection,Nausea
114k4ow,Additional collection,Vomiting
11588p7,Additional collection,Withdrawal syndrome
115o1db,Additional collection,Apathy
115o1db,Additional collection,Laziness
115o1db,Additional collection,Weight increased
1168u64,Additional collection,Eye pain
1168u64,Additional collection,Headache
116opqw,Additional collection,Drug ineffective for unapproved indication
116opqw,Additional collection,Fatigue
116opqw,Additional collection,Somnolence
116qni6,Additional collection,Feeling abnormal
116qni6,Additional collection,Muscular weakness
116qni6,Additional collection,Neuralgia
116qni6,Additional collection,Hypoaesthesia
116qni6,Additional collection,Paraesthesia
1182hr2,Additional collection,Anxiety
1182hr2,Additional collection,Irritability
1182hr2,Additional collection,Disturbance in attention
1182hr2,Additional collection,Somnolence
118o4cp,Additional collection,Abdominal pain lower
118o4cp,Additional collection,Sensation of foreign body
118o4cp,Additional collection,Oropharyngeal pain
118o4cp,Additional collection,Dysphagia
11a3emv,Additional collection,Dissociation
11a3emv,Additional collection,Dysphoria
11a3emv,Additional collection,Panic disorder
11a3emv,Additional collection,Feeling abnormal
11a3emv,Additional collection,Derealisation
11a3emv,Additional collection,Withdrawal syndrome
11amcuj,Additional collection,Fall
11amcuj,Additional collection,Balance disorder
11amcuj,Additional collection,Pain
11awevi,Additional collection,Disease progression
11ba69s,Additional collection,Neurological symptom
11ba69s,Additional collection,Tremor
11ba69s,Additional collection,Muscle twitching
11ck1gv,Additional collection,Skin odour abnormal
11csicv,Additional collection,Drug ineffective
11dx09x,Additional collection,Insomnia
11e6ly5,Additional collection,Vision blurred
11e6ly5,Additional collection,Eye irritation
11e9bx7,Additional collection,Glycosylated haemoglobin increased
11e9bx7,Additional collection,Weight increased
11ee8lo,Additional collection,Anger
11ee8lo,Additional collection,Electric shock sensation
11ee8lo,Additional collection,Parosmia
11ee8lo,Additional collection,Retching
11ee8lo,Additional collection,Libido increased
11ee8lo,Additional collection,Insomnia
11ee8lo,Additional collection,Irritability
11ee8lo,Additional collection,Photopsia
11ee8lo,Additional collection,Nausea
11ee8lo,Additional collection,Aversion
11ee8lo,Additional collection,Hyperacusis
11ee8lo,Additional collection,Weight increased
11eikpg,Additional collection,Type 2 diabetes mellitus
11eng9f,Additional collection,Feeling abnormal
11eng9f,Additional collection,Hypoaesthesia
11eng9f,Additional collection,Disturbance in attention
11eut13,Additional collection,Anxiety
11eut13,Additional collection,Drug ineffective
11eut13,Additional collection,Weight increased
11ezdtf,Additional collection,Somnolence
11ffz69,Additional collection,Agitation
11ffz69,Additional collection,Disturbance in attention
11ffz69,Additional collection,Fatigue
11ffz69,Additional collection,Feeling abnormal
11ffz69,Additional collection,Feeling jittery
11ffz69,Additional collection,Supraventricular tachycardia
11fopqf,Additional collection,Muscle twitching
11fy9e6,Additional collection,Lower respiratory tract infection
11fy9e6,Additional collection,Nasal congestion
11fy9e6,Additional collection,Dyspnoea
11fy9e6,Additional collection,Eye pruritus
11fy9e6,Additional collection,Pruritus
11fy9e6,Additional collection,Rhinitis
11fy9e6,Additional collection,Wheezing
11g2n36,Additional collection,Feeling cold
11g2n36,Additional collection,Amnesia
11g2n36,Additional collection,Hypoaesthesia
11g9inu,Additional collection,Injection site erythema
11gd1ay,Additional collection,Drug ineffective
11gd1ay,Additional collection,Pain
11gpmu6,Additional collection,Crohn's disease
11gpmu6,Additional collection,Gastric disorder
11hd4j7,Additional collection,Injection site pain
11hdufv,Additional collection,Cold sweat
11hdufv,Additional collection,Fatigue
11hdufv,Additional collection,Laziness
11hdufv,Additional collection,Nausea
11hdufv,Additional collection,Abnormal dreams
11hdufv,Additional collection,Weight increased
11hxz6k,Additional collection,Loss of libido
11hyeie,Additional collection,Tremor
11hz7n3,Additional collection,Akathisia
11i9itg,Additional collection,Anxiety
11i9itg,Additional collection,Palpitations
11i9itg,Additional collection,Heart rate increased
11i9itg,Additional collection,Insomnia
11i9itg,Additional collection,Musculoskeletal stiffness
11i9itg,Additional collection,Hypoaesthesia
11i9itg,Additional collection,Poor quality sleep
11i9itg,Additional collection,Restlessness
11i9itg,Additional collection,Tremor
11i9itg,Additional collection,Abdominal pain upper
11i9itg,Additional collection,Paraesthesia
11ihrpm,Additional collection,Adrenal disorder
11ihrpm,Additional collection,Obsessive-compulsive disorder
11ihrpm,Additional collection,Sensory overload
11ihrpm,Additional collection,Stress
11ihrpm,Additional collection,Tinnitus
11inqvw,Additional collection,Dizziness
11inqvw,Additional collection,Facial bones fracture
11inqvw,Additional collection,Loss of consciousness
11jjyvs,Additional collection,Diarrhoea
11jjyvs,Additional collection,Blood glucose increased
11jjyvs,Additional collection,Abdominal pain upper
11kcr8n,Additional collection,Deep vein thrombosis
11kcr8n,Additional collection,Pain in extremity
11kpime,Additional collection,Fatigue
11kpime,Additional collection,Dyspnoea
11ktqdq,Additional collection,Aggression
11ktqdq,Additional collection,Confusional state
11ktqdq,Additional collection,Crying
11ktqdq,Additional collection,Depression
11ktqdq,Additional collection,Frustration tolerance decreased
11ktqdq,Additional collection,Irritability
11ktqdq,Additional collection,Nightmare
11ktqdq,Additional collection,Sleep disorder
11ktqdq,Additional collection,Somnolence
11l9lz8,Additional collection,Fatigue
11l9lz8,Additional collection,Headache
11l9lz8,Additional collection,Insomnia
11l9lz8,Additional collection,Tremor
11l9lz8,Additional collection,Malaise
11lgsvn,Additional collection,Drug abuse
11m6g7r,Additional collection,Anxiety
11m6g7r,Additional collection,Insomnia
11m6g7r,Additional collection,Urinary retention
11m6g7r,Additional collection,Visual impairment
11m6g7r,Additional collection,Weight increased
11mapk2,Additional collection,Depression
11mapk2,Additional collection,Drug dependence
11mapk2,Additional collection,Suicidal ideation
11mpou1,Additional collection,Depression
11mpou1,Additional collection,Drug ineffective
11mpygy,Additional collection,Dizziness
11mpygy,Additional collection,Headache
11mpygy,Additional collection,Lethargy
11mpygy,Additional collection,Mental impairment
11mpygy,Additional collection,Dysgeusia
11mpygy,Additional collection,Asthenia
11nsbkg,Additional collection,Deep vein thrombosis
11nv0nu,Additional collection,Product dose omission issue
11o10xm,Additional collection,Discomfort
11o10xm,Additional collection,Head discomfort
11o10xm,Additional collection,Nausea
11o10xm,Additional collection,Feeling abnormal
11o10xm,Additional collection,Disturbance in attention
11oduzq,Additional collection,Fatigue
11olabb,Additional collection,Abdominal pain
11olabb,Additional collection,Chromaturia
11olabb,Additional collection,Aversion
11olabb,Additional collection,Headache
11olabb,Additional collection,Deafness
11olabb,Additional collection,Palpitations
11olabb,Additional collection,Decreased appetite
11olabb,Additional collection,Muscle spasms
11olabb,Additional collection,Muscular weakness
11olabb,Additional collection,Nausea
11olabb,Additional collection,Raynaud's phenomenon
11olabb,Additional collection,Tinnitus
11oon23,Additional collection,Antisocial behaviour
11oon23,Additional collection,Completed suicide
11oon23,Additional collection,Asocial behaviour
11oon23,Additional collection,Depressed mood
11owcjt,Additional collection,Fatigue
11owcjt,Additional collection,Pain
11owcjt,Additional collection,Abdominal discomfort
11owxky,Additional collection,Memory impairment
11owxky,Additional collection,Somnolence
11p0kva,Additional collection,Anxiety
11p0kva,Additional collection,Depression
11p0kva,Additional collection,Therapeutic product effect decreased
11p0kva,Additional collection,Drug interaction
11p39ji,Additional collection,Pain
11p3h62,Additional collection,Injection site pruritus
11pjrhe,Additional collection,Mental impairment
11pkdyk,Additional collection,Therapeutic response decreased
11q2zye,Additional collection,Pain
11q2zye,Additional collection,Gastrooesophageal reflux disease
11q2zye,Additional collection,Blood pressure increased
11q2zye,Additional collection,Gastrooesophageal sphincter insufficiency
11q2zye,Additional collection,Medication error
11q2zye,Additional collection,Overdose
11q2zye,Additional collection,Palpitations
11q2zye,Additional collection,Weight decreased
11q3ix1,Additional collection,Anxiety
11q3ix1,Additional collection,Pain
11q3ix1,Additional collection,Dizziness
11q3ix1,Additional collection,Fatigue
11q3ix1,Additional collection,Decreased activity
11q3ix1,Additional collection,Nausea
11q3ix1,Additional collection,Rhinorrhoea
11q3ix1,Additional collection,Oropharyngeal pain
11q3ix1,Additional collection,Abdominal pain upper
11q3ix1,Additional collection,Vaginal haemorrhage
11q3ix1,Additional collection,Asthenia
11q4l4s,Additional collection,Headache
11q4l4s,Additional collection,Muscle tightness
11q4l4s,Additional collection,Nausea
11q4l4s,Additional collection,Poor quality sleep
11qf7o5,Additional collection,Abdominal pain
11qf7o5,Additional collection,Anxiety
11qf7o5,Additional collection,Withdrawal syndrome
11qf7o5,Additional collection,Defaecation urgency
11qf7o5,Additional collection,Feeling abnormal
11qf7o5,Additional collection,Chills
11qf7o5,Additional collection,Constipation
11qf7o5,Additional collection,Fatigue
11qf7o5,Additional collection,Pollakiuria
11qf7o5,Additional collection,Eructation
11qf7o5,Additional collection,Flatulence
11qf7o5,Additional collection,Dyspepsia
11qf7o5,Additional collection,Gastrointestinal pain
11qf7o5,Additional collection,Headache
11qf7o5,Additional collection,Insomnia
11qf7o5,Additional collection,Arthralgia
11qf7o5,Additional collection,Photophobia
11qf7o5,Additional collection,Dizziness
11qf7o5,Additional collection,Affective disorder
11qf7o5,Additional collection,Muscle spasms
11qf7o5,Additional collection,Muscle tightness
11qf7o5,Additional collection,Muscular weakness
11qf7o5,Additional collection,Rhinorrhoea
11qf7o5,Additional collection,Nausea
11qf7o5,Additional collection,Neuropathy peripheral
11qf7o5,Additional collection,Sneezing
11qf7o5,Additional collection,Hyperacusis
11qf7o5,Additional collection,Hyperhidrosis
11qf7o5,Additional collection,Tendon discomfort
11qf7o5,Additional collection,Tinnitus
11qf7o5,Additional collection,Tremor
11r3xyf,Additional collection,Product quality issue
11rbifb,Additional collection,Gastrooesophageal reflux disease
11rbifb,Additional collection,Reflux laryngitis
11rgdcy,Additional collection,Accidental overdose
11rgdcy,Additional collection,Medication error
11ri1km,Additional collection,Decreased interest
11ri1km,Additional collection,Apathy
11ri1km,Additional collection,Gait disturbance
11rm3hb,Additional collection,Somnolence
11rm3hb,Additional collection,Hypoaesthesia
11sbt1z,Additional collection,Anger
11sbt1z,Additional collection,Electric shock sensation
11sbt1z,Additional collection,Cold sweat
11sbt1z,Additional collection,Muscle spasms
11sbt1z,Additional collection,Crying
11sbt1z,Additional collection,Fatigue
11sbt1z,Additional collection,Feeling of despair
11sbt1z,Additional collection,Decreased appetite
11sbt1z,Additional collection,Headache
11sbt1z,Additional collection,Irritability
11sbt1z,Additional collection,Asthenia
11sbt1z,Additional collection,Nausea
11sbt1z,Additional collection,Nightmare
11sbt1z,Additional collection,Restlessness
11sbt1z,Additional collection,Chills
11sbt1z,Additional collection,Abnormal dreams
11sbt1z,Additional collection,Withdrawal syndrome
11sjtq8,Additional collection,Dissociation
11sjtq8,Additional collection,Somnolence
11sjtq8,Additional collection,Sedation
11sjtq8,Additional collection,Feeling abnormal
11t2zbz,Additional collection,Speech disorder
11t2zbz,Additional collection,Clumsiness
11t2zbz,Additional collection,Cognitive disorder
11t2zbz,Additional collection,Amnesia
11tel26,Additional collection,Ear pain
11tel26,Additional collection,Dizziness
11tel26,Additional collection,Hyperacusis
11tel26,Additional collection,Withdrawal syndrome
11tz68c,Additional collection,Libido decreased
11u2x7q,Additional collection,Weight increased
11u712n,Additional collection,Loss of employment
11u712n,Additional collection,Hospitalisation
11u712n,Additional collection,Personal relationship issue
11u712n,Additional collection,Suicidal ideation
11ukhs4,Additional collection,Productive cough
11ukhs4,Additional collection,Fatigue
11ukhs4,Additional collection,Insomnia
11ukhs4,Additional collection,Nausea
11v0p33,Additional collection,Fatigue
11v0p33,Additional collection,Renal function test abnormal
11v0p33,Additional collection,Dizziness
11vb25f,Additional collection,Epistaxis
11vtmo9,Additional collection,Anaemia
11vtmo9,Additional collection,Blood pressure increased
11vtmo9,Additional collection,Fatigue
11wn8n3,Additional collection,Anxiety
11wn8n3,Additional collection,Gastrointestinal disorder
11wn8n3,Additional collection,Nausea
11wn8n3,Additional collection,Sleep disorder
11xf0ip,Additional collection,Anxiety
11xf0ip,Additional collection,Drug ineffective
11xk4gy,Additional collection,Agitation
11y8st9,Additional collection,Crying
11y8st9,Additional collection,Fear
11y8st9,Additional collection,Hallucination
11y8st9,Additional collection,Insomnia
11y8st9,Additional collection,Sleep terror
11y8st9,Additional collection,Panic attack
11yb2tn,Additional collection,Anxiety
11yb2tn,Additional collection,Constipation
11yb2tn,Additional collection,Hyperhidrosis
11yn9u8,Additional collection,Hiccups
11yn9u8,Additional collection,Restlessness
11ypbub,Additional collection,Rebound tachycardia
11z8vme,Additional collection,Extra dose administered
11zgsqv,Additional collection,Rheumatoid arthritis
11zgsqv,Additional collection,Sinusitis
11zh4hz,Additional collection,Feeling jittery
11zh4hz,Additional collection,Heart rate increased
11zh4hz,Additional collection,Night sweats
11zr7zy,Additional collection,Insomnia
11zr7zy,Additional collection,Myalgia
11zzeqy,Additional collection,Hypoaesthesia
11zzeqy,Additional collection,Paraesthesia
1204ybe,Additional collection,Hypertension
1204ybe,Additional collection,Drug ineffective
1204ybe,Additional collection,Nausea
1204ybe,Additional collection,Abdominal discomfort
120l6dy,Additional collection,Agitation
120l6dy,Additional collection,Affect lability
120l6dy,Additional collection,Insomnia
120l6dy,Additional collection,Paraesthesia
120l6dy,Additional collection,Tachyphrenia
120l6dy,Additional collection,Withdrawal syndrome
120x067,Additional collection,Tremor
121tyjr,Additional collection,Obsessive-compulsive disorder
121tyjr,Additional collection,Hypersexuality
122gx6l,Additional collection,Drug tolerance
1231fpy,Additional collection,Feeding disorder
1231fpy,Additional collection,Dizziness
1231fpy,Additional collection,Syncope
1231fpy,Additional collection,Dyspnoea
1231fpy,Additional collection,Headache
1231fpy,Additional collection,Irritability
1231fpy,Additional collection,Nausea
1231fpy,Additional collection,Hypersomnia
123jlo8,Additional collection,Dissociative disorder
123jlo8,Additional collection,Malaise
123jlo8,Additional collection,Feeling abnormal
123rcvf,Additional collection,Headache
123u62p,Additional collection,Rash
123u62p,Additional collection,Weight increased
123upio,Additional collection,Pain
123upio,Additional collection,Migraine
123upio,Additional collection,Nausea
123upio,Additional collection,Withdrawal syndrome
arr1d9,Additional collection,Nausea
jb1hap,Additional collection,Chest discomfort
jb1hap,Additional collection,Rhinorrhoea
jjppoq,Additional collection,Anorgasmia
txgoqd,Additional collection,Memory impairment
txgoqd,Additional collection,Arthralgia
txxd79,Additional collection,Dizziness
txxd79,Additional collection,Erectile dysfunction
u2l5oy,Additional collection,Diabetic ketoacidosis
ukropi,Additional collection,Paraesthesia
ukropi,Additional collection,Diarrhoea
ulzhtn,Additional collection,Nervous system disorder
ulzhtn,Additional collection,Mental disorder
usu9z4,Additional collection,Pain in extremity
usu9z4,Additional collection,Chest pain
usu9z4,Additional collection,Gastrointestinal disorder
usu9z4,Additional collection,Muscle spasms
usu9z4,Additional collection,Neuralgia
usu9z4,Additional collection,Dyspnoea
usu9z4,Additional collection,Muscle twitching
usu9z4,Additional collection,Sensory disturbance
ux37ai,Additional collection,Eructation
ux37ai,Additional collection,Diarrhoea
ux37ai,Additional collection,Nausea
uz8ufi,Additional collection,Feeling drunk
uz8ufi,Additional collection,Hangover
uz8ufi,Additional collection,Vertigo
v0p7e0,Additional collection,Anxiety
v7ddnj,Additional collection,Mood altered
v7ddnj,Additional collection,Weight increased
vd7bf8,Additional collection,Vision blurred
vd7bf8,Additional collection,Headache
vd7bf8,Additional collection,Heart rate decreased
vd7bf8,Additional collection,Hypertension
vq4352,Additional collection,Anxiety
vq4352,Additional collection,Depression
vq4352,Additional collection,Drug ineffective
vq4352,Additional collection,Seizure
vq4352,Additional collection,Suicidal ideation
vu1rev,Additional collection,Ligament rupture
wi31tp,Additional collection,Medication error
x0gdxq,Additional collection,Urticaria thermal
x0gdxq,Additional collection,Urticaria cholinergic
x10qvm,Additional collection,Emotional disorder
x10qvm,Additional collection,Mood altered
x3rlid,Additional collection,Epistaxis
xe30ys,Additional collection,Chills
xe30ys,Additional collection,Fatigue
xe30ys,Additional collection,Night sweats
xe30ys,Additional collection,Paraesthesia
xe30ys,Additional collection,Asthenia
xmktf8,Additional collection,Anxiety
xmktf8,Additional collection,Somnolence
xmktf8,Additional collection,Feeling abnormal
xmktf8,Additional collection,Depressed mood
xmktf8,Additional collection,Irritability
xnwr2r,Additional collection,Medication error
xnyk74,Additional collection,Medication error
xrpgld,Additional collection,Pain in extremity
y3qr9u,Additional collection,Arthralgia
y3qr9u,Additional collection,Nausea
y3qr9u,Additional collection,Hyperhidrosis
y3qr9u,Additional collection,Asthenia
y7k1yb,Additional collection,Insomnia
y9n732,Additional collection,Anxiety
y9n732,Additional collection,Dizziness
y9n732,Additional collection,Device issue
y9n732,Additional collection,Medication error
y9n732,Additional collection,Tremor
yfoq7m,Additional collection,Bone pain
yfoq7m,Additional collection,Myalgia
yfpraj,Additional collection,Libido decreased
yfpraj,Additional collection,Palpitations
yntzec,Additional collection,Erectile dysfunction
yntzec,Additional collection,Fatigue
yntzec,Additional collection,Asthenia
yo62af,Additional collection,Influenza like illness
yo62af,Additional collection,Pain
yo62af,Additional collection,Pain in jaw
yxd92d,Additional collection,Anxiety
yxd92d,Additional collection,Depression
yxd92d,Additional collection,Mental disorder
z1hqo0,Additional collection,Feeling abnormal
z1hqo0,Additional collection,Breast pain
z1hqo0,Additional collection,Chest pain
z1hqo0,Additional collection,Headache
z1hqo0,Additional collection,Tremor
z1hqo0,Additional collection,Arthralgia
z1hqo0,Additional collection,Muscle spasms
z1hqo0,Additional collection,Nervous system disorder
z1hqo0,Additional collection,Head discomfort
z1hqo0,Additional collection,Ocular discomfort
z1hqo0,Additional collection,Paraesthesia
z3et4p,Additional collection,Arthralgia
z3et4p,Additional collection,Joint swelling
z3et4p,Additional collection,Malaise
z50fam,Additional collection,Orgasm abnormal
z50fam,Additional collection,Erectile dysfunction
z50fam,Additional collection,Memory impairment
z50fam,Additional collection,Sexual dysfunction
z67peg,Additional collection,Anxiety
z6k3d4,Additional collection,Somnolence
z8fct5,Additional collection,Feeling abnormal
z8fct5,Additional collection,Gastric disorder
z8fct5,Additional collection,Fatigue
zb9gjr,Additional collection,Drug ineffective
zbhxkz,Additional collection,Constipation
zbhxkz,Additional collection,Muscle spasms
zbhxkz,Additional collection,Dyskinesia
zbhxkz,Additional collection,Haemorrhoids
zbhxkz,Additional collection,Decreased appetite
zbhxkz,Additional collection,Taste disorder
zbhxkz,Additional collection,Tooth injury
zcq4ot,Additional collection,Gastrooesophageal reflux disease
zcq4ot,Additional collection,Dizziness
ze23rc,Additional collection,Fatigue
ze23rc,Additional collection,Gait inability
zgnmvu,Additional collection,Weight decreased
zl51ia,Additional collection,Abdominal discomfort
zl51ia,Additional collection,Therapeutic response decreased
zlzi4w,Additional collection,Blood glucose increased
zlzi4w,Additional collection,Drug ineffective
zlzi4w,Additional collection,Diarrhoea
zlzi4w,Additional collection,Flatulence
zme5sy,Additional collection,Bone pain
zme5sy,Additional collection,Depressed mood
zme5sy,Additional collection,Pyrexia
zme5sy,Additional collection,Headache
zme5sy,Additional collection,Myalgia
zme5sy,Additional collection,Nausea
zmxttv,Additional collection,Anxiety
zmxttv,Additional collection,Burning sensation
zmxttv,Additional collection,Insomnia
zmxttv,Additional collection,Arthralgia
zmxttv,Additional collection,Myalgia
zmxttv,Additional collection,Neuropathy peripheral
zmxttv,Additional collection,Tendon pain
zmxttv,Additional collection,Pain in extremity
zmxttv,Additional collection,Paraesthesia
zmxttv,Additional collection,Tendon disorder
zptg6v,Additional collection,Cognitive disorder
zptg6v,Additional collection,Disorientation
zpwomc,Additional collection,Diarrhoea
zpwomc,Additional collection,Dizziness
zpwomc,Additional collection,Nausea
zpwomc,Additional collection,Restlessness
zrzbgy,Additional collection,Nausea
zrzbgy,Additional collection,Apathy
zsz1wu,Additional collection,Personality change
zsz1wu,Additional collection,Gambling disorder
zsz1wu,Additional collection,Impulsive behaviour
ztn04b,Additional collection,Anxiety
zu4144,Additional collection,Drug abuse
zu4144,Additional collection,Euphoric mood
zu4144,Additional collection,Off label use
zudcr5,Additional collection,Hepatic enzyme increased
zudcr5,Additional collection,Weight increased
zuidt0,Additional collection,Weight loss poor
zv2onp,Additional collection,Disturbance in attention
zv2onp,Additional collection,Memory impairment
zvt8wp,Additional collection,Fatigue
zy9q4n,Additional collection,Chills
zy9q4n,Additional collection,Pyrexia
zy9q4n,Additional collection,Headache
zy9q4n,Additional collection,Blood calcium decreased
zy9q4n,Additional collection,Myalgia
zy9q4n,Additional collection,Nausea
zy9q4n,Additional collection,Vomiting
zy9q4n,Additional collection,Asthenia
zzaxnf,Additional collection,Anxiety
zzaxnf,Additional collection,Cognitive disorder
zzaxnf,Additional collection,Speech disorder
zzaxnf,Additional collection,Headache
zzaxnf,Additional collection,Photophobia
zzaxnf,Additional collection,Hyperacusis
zzaxnf,Additional collection,Insomnia
zzaxnf,Additional collection,Time perception altered
zzaxnf,Additional collection,Muscular weakness
zzaxnf,Additional collection,Paranoia
zzaxnf,Additional collection,Decreased activity
zzjtnr,Additional collection,Anxiety
